#surgical_mask#_73.jpg,3
#surgical_mask#_74.jpg,3
#surgical_mask#_75.jpg,3
#surgical_mask#_76.jpg,3
#surgical_mask#_81.jpg,3
#surgical_mask#_82.jpg,3
#surgical_mask#_86.jpg,3
#surgical_mask#_0.jpg,3
#surgical_mask#_1.jpg,3
#surgical_mask#_4.jpg,3
#surgical_mask#_20.jpeg,3
#surgical_mask#_22.jpg,3
#surgical_mask#_24.jpg,3
#surgical_mask#_25.jpg,3
#surgical_mask#_26.jpg,3
#surgical_mask#_27.jpg,3
#surgical_mask#_10.jpg,3
#surgical_mask#_11.jpg,3
#surgical_mask#_13.jpg,3
#surgical_mask#_19.jpg,3
#surgical_mask#_144.jpg,3
#surgical_mask#_78.jpg,3
#valveN95#_41.jpg,2
#valveN95#_124.jpg,2
#valveN95#_275.jpg,2
#valveN95#_855.jpg,2
#valveN95#_754.jpg,2
#valveN95#_788.jpg,2
#valveN95#_669.jpg,2
#valveN95#_670.jpg,2
#valveN95#_671.jpg,2
#valveN95#_662.jpg,2
#valveN95#_564.jpg,2
#valveN95#_582.jpg,2
#valveN95#_535.jpg,2
#valveN95#_548.jpg,2
#valveN95#_515.jpg,2
#valveN95#_516.jpg,2
#valveN95#_521.jpg,2
#valveN95#_528.jpg,2
#valveN95#_530.jpg,2
#valveN95#_472.jpg,2
#valveN95#_508.jpg,2
#valveN95#_520.jpg,2
#valveN95#_523.jpg,2
#valveN95#_473.jpg,2
#valveN95#_484.jpg,2
#valveN95#_468.jpg,2
#valveN95#_474.jpg,2
#valveN95#_411.jpg,2
#valveN95#_383.jpg,2
#valveN95#_404.jpg,2
#valveN95#_380.jpg,2
#valveN95#_206.png,2
#valveN95#_307.jpg,2
#valveN95#_313.jpeg,2
#valveN95#_323.JPG,2
#valveN95#_277.jpg,2
#valveN95#_263.jpg,2
#valveN95#_266.jpg,2
#valveN95#_270.jpg,2
#valveN95#_209.jpg,2
#valveN95#_220.jpeg,2
#valveN95#_237.jpg,2
#valveN95#_240.jpg,2
#valveN95#_205.jpg,2
#valveN95#_131.jpg,2
#valveN95#_171.jpg,2
#valveN95#_98.jpg,2
#valveN95#_108.jpg,2
#valveN95#_112.jpg,2
#valveN95#_61.jpg,2
#valveN95#_44.jpg,2
#valveN95#_325.jpg,2
#valveN95#_13.jpg,2
#valveN95#_220.jpg,2
#valveN95#_640.jpg,2
#valveN95#_887.jpg,2
#valveN95#_756.jpg,2
#valveN95#_504.jpg,2
#valveN95#_387.png,2
#valveN95#_364.jpg,2
#valveN95#_250.jpg,2
#valveN95#_75.jpg,2
#valveN95#_81.jpg,2
#valveN95#_122.jpeg,2
#valveN95#_113.jpg,2
#valveN95#_121.jpeg,2
#valveN95#_618.jpg,2
#valveN95#_552.jpg,2
#valveN95#_608.jpg,2
#valveN95#_691.jpg,2
#valveN95#_725.jpg,2
#valveN95#_742.jpg,2
#FFP2#_3.jpg,1
#FFP2#_7.jpg,1
#FFP2#_9.jpg,1
#FFP2#_19.jpg,1
#FFP2#_71.jpg,1
#FFP2#_85.jpg,1
#FFP2#_110.jpg,1
#FFP2#_129.jpg,1
#FFP2#_147.jpg,1
#FFP2#_166.jpg,1
#FFP2#_198.jpg,1
#FFP2#_233.png,1
#FFP2#_252.jpg,1
#FFP2#_296.jpg,1
#FFP2#_362.png,1
#FFP2#_420.jpg,1
#FFP2#_477.jpg,1
#FFP2#_513.jpg,1
#FFP2#_525.jpg,1
#FFP2#_526.jpg,1
#FFP2#_531.jpeg,1
#FFP2#_542.jpg,1
#FFP2#_558.jpg,1
#FFP2#_585.png,1
#FFP2#_744.jpeg,1
#FFP2#_757.jpg,1
#FFP2#_777.jpg,1
#FFP2#_819.jpg,1
#FFP2#_865.png,1
#FFP22#_2.jpg,1
#FFP22#_3.jpg,1
#FFP22#_4.jpg,1
#FFP22#_5.jpg,1
#FFP22#_435.jpg,1
#FFP22#_458.jpg,1
#FFP22#_547.jpg,1
#FFP22#_564.jpg,1
#FFP22#_579.jpg,1
#FFP22#_583.png,1
#FFP22#_604.png,1
#FFP22#_609.jpg,1
#FFP22#_614.jpg,1
#FFP22#_656.png,1
#FFP22#_660.jpg,1
#FFP22#_669.jpg,1
#FFP22#_672.png,1
#FFP22#_687.jpg,1
#FFP22#_718.png,1
#FFP22#_816.jpg,1
#FFP22#_845.jpg,1
#NMAF#_4.jpg,4
#NMAF#_7.jpg,4
#NMAF#_8.jpg,4
#NMAF#_14.jpg,4
#NMAF#_18.jpg,4
#NMAF#_19.jpg,4
#NMAF#_20.jpg,4
#NMAF#_21.jpg,4
#NMAF#_23.jpg,4
#NMAF#_27.jpg,4
#NMAF#_31.jpg,4
#NMAF#_35.jpg,4
#NMAF#_36.JPG,4
#NMAF#_39.jpg,4
#NMAF#_40.jpg,4
#NMAF#_48.JPG,4
#NMAF#_49.jpg,4
#NMAF#_51.jpg,4
#NMAF#_54.jpg,4
#NMAF#_56.jpg,4
#NMAF#_58.jpg,4
#NMAF#_59.jpg,4
#NMAF#_66.jpg,4
#NMAF#_67.jpg,4
#NMAM#_2.jpg,4
#NMAM#_7.jpg,4
#NMAM#_12.jpg,4
#NMAM#_16.png,4
#NMAM#_21.jpg,4
#NMAM#_22.jpg,4
#NMAM#_34.jpg,4
#NMAM#_35.jpg,4
#NMAM#_39.jpg,4
#NMAM#_42.jpg,4
#NMAM#_55.jpg,4
#NMAM#_57.jpg,4
#NMAM#_59.jpg,4
#NMAM#_73.jpeg,4
#NMAM#_75.jpg,4
#NMAM#_92.jpg,4
#NMAM#_96.jpg,4
#NMAM#_98.png,4
#NMAM#_124.PNG,4
#NMAM#_126.jpg,4
#NMAM#_128.jpg,4
#NMAM#_132.jpg,4
#NMAM#_135.jpg,4
#surgical_mask#_154.jpg,3
#surgical_mask#_230.jpg,3
#surgical_mask#_247.jpg,3
#surgical_mask2#_5.jpg,3
0_0_0 copy 95.jpg,1
0_0_0 copy 97.jpg,1
0_0_10 copy 7.jpg,1
1_0_0_20161219194756275.jpg,4
1_0_2_20161219201312292.jpg,4
1_0_3_20161219224706847.jpg,4
1_1_0_20161219205428229.jpg,4
1_1_3_20161219225008799.jpg,4
1_1_4_20170103212653844.jpg,4
2_1_4_20170103210830609.jpg,4
2_1_4_20170103210839634.jpg,4
0003.jpg,1
3_0_0_20170103210954356.jpg,4
3_1_2_20161219160306229.jpg,4
3_1_2_20161219191000844.jpg,4
3_1_2_20161219192632514.jpg,4
0004.jpg,3
17_1_4_20170103212235036.jpg,4
18_0_3_20170104230248073.jpg,4
18_1_2_20170103223049176.jpg,4
18_1_2_20170105183420463.jpg,4
18_1_4_20170103223304623.jpg,4
18_1_4_20170103224632313.jpg,4
19_0_3_20170104214230141.jpg,4
19_1_3_20170104231453195.jpg,4
20_0_0_20170105161706251.jpg,4
20_1_3_20170104231456714.jpg,4
20_1_4_20161223230050564.jpg,4
20_1_4_20161223230110540.jpg,4
20_1_4_20161223230115267.jpg,4
20_1_4_20170103223033527.jpg,4
20_1_4_20170103223401848.jpg,4
20_1_4_20170104005353062.jpg,4
21_0_0_20170103223223127.jpg,4
21_0_4_20161223214838473.jpg,4
21_0_4_20170103210434754.jpg,4
21_0_4_20170103223143358.jpg,4
21_1_3_20170104231324474.jpg,4
21_1_3_20170104231602346.jpg,4
21_1_4_20170103223240255.jpg,4
21_1_4_20170103223244111.jpg,4
21_1_4_20170103223249191.jpg,4
21_1_4_20170103224431735.jpg,4
21_1_4_20170103224936983.jpg,4
21_1_4_20170103233920299.jpg,4
21_1_4_20170103234037067.jpg,4
21_1_4_20170104005731615.jpg,4
22_0_0_20170104003948607.jpg,4
22_0_0_20170104230045815.jpg,4
22_0_0_20170110231835011.jpg,4
22_0_4_20170103210108168.jpg,4
22_1_2_20161219153940196.jpg,4
22_1_3_20170104214416853.jpg,4
22_1_3_20170104231709097.jpg,4
22_1_3_20170104231720114.jpg,4
22_1_3_20170104232533912.jpg,4
22_1_4_20170103180220911.jpg,4
22_1_4_20170103212717246.jpg,4
22_1_4_20170103223216583.jpg,4
22_1_4_20170103224814016.jpg,4
22_1_4_20170103225112465.jpg,4
22_1_4_20170103233803763.jpg,4
23_1_0_20170103223610503.jpg,4
23_1_1_20170102233446754.jpg,4
23_1_3_20170104220147782.jpg,4
23_1_4_20170103223600551.jpg,4
23_1_4_20170103223618431.jpg,4
24_0_0_20170104230201657.jpg,4
24_1_0_20170103225156008.jpg,4
24_1_3_20170104215645565.jpg,4
24_1_3_20170104222401271.jpg,4
24_1_3_20170104231426665.jpg,4
24_1_3_20170104234822506.jpg,4
24_1_4_20170102233433610.jpg,4
24_1_4_20170103224843361.jpg,4
24_1_4_20170103224910931.jpg,4
24_1_4_20170104005617062.jpg,4
25_0_0_20170104214616710.jpg,4
25_0_3_20170104214432805.jpg,4
25_1_0_20170104165326705.jpg,4
25_1_1_20170103230312265.jpg,4
25_1_2_20161219194224315.jpg,4
25_1_3_20170104231305129.jpg,4
25_1_3_20170104231357826.jpg,4
25_1_3_20170104231501635.jpg,4
25_1_3_20170104232046530.jpg,4
25_1_4_20170103224747408.jpg,4
25_1_4_20170103225922392.jpg,4
26_0_0_20170104165824281.jpg,4
26_0_0_20170104230421569.jpg,4
26_0_1_20170103180959080.jpg,4
26_0_1_20170105183906447.jpg,4
26_0_2_20161219191301043.jpg,4
26_0_3_20170104214717941.jpg,4
26_0_3_20170104232129634.jpg,4
26_0_4_20170103224832945.jpg,4
26_1_0_20170105163517523.jpg,4
26_1_2_20170103181524137.jpg,4
26_1_2_20170104022244853.jpg,4
26_1_3_20170104215629245.jpg,4
26_1_3_20170104232150859.jpg,4
26_1_3_20170104232420017.jpg,4
26_1_3_20170104232550697.jpg,4
26_1_4_20170103225002166.jpg,4
26_1_4_20170103225117416.jpg,4
26_1_4_20170103225125224.jpg,4
26_1_4_20170103225204177.jpg,4
0027.jpg,3
27_0_0_20170104171511929.jpg,4
27_0_0_20170105164657988.jpg,4
27_0_2_20161219194038690.jpg,4
27_0_2_20170104011250152.jpg,4
27_0_2_20170104192852607.jpg,4
27_0_4_20170103235026964.jpg,4
27_1_3_20170104231620409.jpg,4
27_1_4_20170103223631359.jpg,4
27_1_4_20170103230157624.jpg,4
27_1_4_20170103230450385.jpg,4
28_0_0_20170105162616443.jpg,4
28_0_2_20161219192654931.jpg,4
28_0_2_20170107212142294.jpg,4
28_0_3_20170104194548120.jpg,4
28_0_3_20170104220237582.jpg,4
28_0_3_20170104232432992.jpg,4
28_1_0_20170103182323771.jpg,4
28_1_0_20170105000649036.jpg,4
28_1_0_20170105162423130.jpg,4
28_1_0_20170105162552899.jpg,4
28_1_1_20170105003322373.jpg,4
28_1_1_20170109132733613.jpg,4
28_1_2_20170105162418251.jpg,4
28_1_3_20170104220307950.jpg,4
28_1_4_20170103225940625.jpg,4
29_0_0_20170104165947522.jpg,4
29_0_0_20170104235501676.jpg,4
29_1_0_20170103181717184.jpg,4
29_1_1_20170103181030152.jpg,4
29_1_1_20170103183648691.jpg,4
29_1_3_20170104232728113.jpg,4
29_1_3_20170109141114301.jpg,4
29_1_4_20170104165318736.jpg,4
29_1_4_20170104165735505.jpg,4
30_1_4_20170103213106156.jpg,4
30_1_4_20170103230515409.jpg,4
31_0_0_20170105163411563.jpg,4
31_0_0_20170105173759693.jpg,4
31_0_4_20170103235207122.jpg,4
31_1_0_20170103163445702.jpg,4
31_1_0_20170103182729649.jpg,4
32_1_0_20170104165907161.jpg,4
32_1_0_20170105002717213.jpg,4
32_1_0_20170108224936101.jpg,4
32_1_3_20170109142352309.jpg,4
33_0_2_20170109002851300.jpg,4
34_0_0_20170104170338177.jpg,4
34_0_0_20170104181316780.jpg,4
35_1_4_20170109003348401.jpg,4
36_0_0_20170104201829601.jpg,4
36_0_0_20170105170234235.jpg,4
36_0_0_20170108235343740.jpg,4
36_0_3_20170105180749864.jpg,4
36_1_0_20170104172916913.jpg,4
36_1_0_20170104174248859.jpg,4
38_1_0_20170103163517069.jpg,4
38_1_0_20170104183625399.jpg,4
38_1_0_20170104201618841.jpg,4
38_1_0_20170109002805707.jpg,4
38_1_3_20170104232742666.jpg,4
39_0_0_20170104183807637.jpg,4
39_0_0_20170104204804020.jpg,4
40_1_0_20170104183630718.jpg,4
41_0_0_20170109012220690.jpg,4
41_0_2_20170104184907998.jpg,4
41_0_2_20170104211935428.jpg,4
41_0_3_20170109140906863.jpg,4
42_0_0_20170104170602137.jpg,4
42_0_3_20170104210357420.jpg,4
45_1_0_20170109221158465.jpg,4
46_1_0_20170104170621792.jpg,4
46_1_0_20170104171626722.jpg,4
46_1_0_20170109142329559.jpg,4
47_0_0_20170104184157446.jpg,4
47_0_0_20170105173116787.jpg,4
47_1_2_20170105173513573.jpg,4
50_0_0_20170109011120677.jpg,4
50_0_2_20170109012238306.jpg,4
50_0_3_20170105172943629.jpg,4
50_1_0_20170105001410549.jpg,4
50_1_0_20170110143454148.jpg,4
51_0_0_20170104210526204.jpg,4
52_0_0_20170104184400815.jpg,4
53_0_0_20170105163552388.jpg,4
53_0_0_20170111200627419.jpg,4
53_0_3_20170104220848558.jpg,4
53_1_3_20170109133349734.jpg,4
54_0_0_20170104212509821.jpg,4
54_0_0_20170104212619757.jpg,4
0057.jpg,3
57_0_3_20170105180627374.jpg,4
57_1_0_20170104201429289.jpg,4
0058.jpg,3
58_0_0_20170104185326934.jpg,4
58_0_0_20170104185347134.jpg,4
58_0_1_20170104185127270.jpg,4
60_1_0_20170110141351728.jpg,4
60_1_0_20170110184058156.jpg,4
60_1_3_20170109141933202.jpg,4
61_0_0_20170104170114128.jpg,4
61_0_3_20170105180813046.jpg,4
61_1_3_20170105001450436.jpg,4
61_1_20170109142408075.jpg,4
65_1_0_20170110182002744.jpg,4
66_0_3_20170104213153549.jpg,4
66_1_0_20170110141120112.jpg,4
66_1_0_20170110141312880.jpg,4
67_0_0_20170103184144627.jpg,4
67_0_0_20170104185427710.jpg,4
67_0_0_20170109002521701.jpg,4
72_0_0_20170111222541402.jpg,4
76_0_0_20170111201015692.jpg,4
76_0_0_20170111222424361.jpg,4
77_0_0_20170111202327200.jpg,4
78_0_0_20170111222400611.jpg,4
80_0_0_20170105175505310.jpg,4
80_1_0_20170110131358567.jpg,4
83.jpg,2
85_0_0_20170110183613267.jpg,4
86.jpg,2
87.jpg,2
88.jpg,2
91.jpg,2
92.jpg,2
93.jpg,2
97.png,2
98.jpg,2
0100.jpg,3
102.jpg,2
103.jpg,2
104.jpg,2
107.jpg,2
108.jpg,2
109.jpg,2
112.jpg,2
113.jpg,2
114.jpg,2
117.jpg,2
118.png,2
0119.jpg,3
0127.jpg,3
0131.jpg,3
0153.jpg,3
0160.jpg,3
0161.jpg,3
0164.jpg,3
0166.jpg,1
0170.jpg,3
0190.jpg,3
0197.png,1
0206.jpg,3
0211.jpg,3
0240.jpg,3
0257.jpg,3
0269.jpg,3
0273.jpg,3
0277.jpg,3
0286.jpg,3
0295.jpg,3
0300.jpg,3
0342.jpg,3
0346.jpg,3
0395.jpg,3
0428.jpg,3
0473.png,3
0498.jpg,3
0510.jpg,3
0544.jpg,3
0545.jpg,3
0558.jpg,3
0561.jpg,3
0577.jpg,3
0582.jpg,3
0614.jpg,1
0629.jpg,3
0646.jpg,3
0678.jpg,1
0688.jpg,1
0763.jpg,3
0769.jpg,3
0780.jpg,3
0782.jpg,3
0791.jpg,3
0792.jpg,1
0813.jpg,3
0824.jpg,3
0831.jpg,3
0837.jpg,3
0847.jpg,3
0849.jpg,3
0911.jpg,3
0934.png,1
0950.jpg,3
0953.jpg,3
0954.jpg,3
0989.jpg,3
0998.jpg,1
1035.jpeg,3
1039.jpg,3
1058.jpg,1
1068.png,3
1083.jpg,1
1087.jpg,3
1096.jpg,1
1133.jpg,1
1136.jpg,1
1195.jpg,3
1234.jpg,3
1236.jpg,3
1246.jpg,3
1264.jpg,3
1279.jpg,1
1280.jpg,3
1291.jpg,3
1294.jpg,3
1346.jpg,3
1361.jpg,3
1364.jpg,3
1369.jpg,3
1383.jpg,3
1439.jpg,3
1456.jpg,3
1462.jpg,3
1473.jpg,3
1492.jpg,1
1493.jpg,1
1554.jpg,3
1558.png,1
1568.jpg,3
1569.jpg,3
1574.jpg,3
1576.jpg,1
1583.jpg,3
1626.jpg,3
1635.jpg,3
1637.jpg,3
1642.jpg,3
1779.jpeg,1
1803.jpg,1
1804.jpg,1
1843.jpg,3
1879.jpg,1
1885.jpg,3
1891.jpg,3
1899.jpeg,3
1954.jpg,3
2114.jpeg,3
2182.png,3
2187.png,3
2215.png,3
2396.png,3
2578.png,1
2580.png,3
2650.png,3
2659.png,3
2704.png,3
2705.png,1
2766.png,3
2768.png,3
2774.png,3
2839.png,3
3032.png,3
3092.png,1
3099.png,1
3161.png,3
3251.png,3
3336.png,1
3339.png,3
3439.png,3
3487.png,3
3671.png,1
3674.png,3
3706.png,1
3713.png,3
3834.png,3
3840.png,3
3876.png,3
3926.png,1
3949.png,3
3957.png,3
3999.png,3
4065.png,1
4131.png,1
4293.png,3
4333.png,3
4387.png,1
4413.png,1
4503.png,3
4528.png,3
4558.png,3
4571.png,3
4734.png,3
4970.png,3
4983.png,3
4994.jpg,3
5016.jpg,3
5017.jpg,1
5020.jpg,3
5067.jpg,3
5154.jpeg,3
5167.jpg,3
5186.jpg,3
5221.jpeg,3
5635.jpg,3
NV0.jpg,2
NV1.jpg,2
NV2.jpg,2
NV3.jpg,2
NV4.jpg,2
NV5.jpg,2
NV6.jpg,2
NV7.jpg,2
NV8.jpg,2
NV9.jpg,2
NV10.jpg,2
NV11.jpg,2
NV12.jpg,2
NV13.jpg,2
NV14.jpg,2
NV15.jpg,2
NV16.jpg,2
NV17.jpg,2
NV18.jpg,2
NV19.jpg,2
NV20.jpg,2
NV21.jpg,2
NV22.jpg,2
NV23.jpg,2
NV24.jpg,2
NV25.jpg,2
NV26.jpg,2
NV27.jpg,2
NV28.jpg,2
NV29.jpg,2
NV30.jpg,2
NV31.jpg,2
NV32.jpg,2
NV33.jpg,2
NV34.jpg,2
NV35.jpg,2
NV36.jpg,2
NV37.jpg,2
NV38.jpg,2
NV39.jpg,2
NV40.jpg,2
NV41.jpg,2
NV42.jpg,2
NV43.jpg,2
NV44.jpg,2
NV45.jpg,2
NV46.jpg,2
NV47.jpg,2
NV48.jpg,2
NV49.jpg,2
NV50.jpg,2
NV51.jpg,2
NV52.jpg,2
NV53.jpg,2
NV54.jpg,2
NV55.jpg,2
NV56.jpg,2
NV57.jpg,2
NV75.jpg,2
NV76.jpg,2
NV77.jpg,2
NV78.jpg,2
NV79.jpg,2
NV80.jpg,2
NV81.jpg,2
NV82.jpg,2
NV83.jpg,2
NV84.jpg,2
NV85.jpg,2
NV86.png,2
NV87.jpg,2
NV88.png,2
NV89.jpg,2
NV90.jpg,2
NV91.jpg,2
NV92.jpg,2
NV93.jpg,2
NV94.jpg,2
NV95.jpg,2
NV96.jpg,2
NV97.png,2
NV98.jpg,2
NV99.jpg,2
NV100.jpeg,2
NV101.jpg,2
NV102.jpg,2
NV103.jpg,2
NV104.jpg,2
NV105.jpg,2
NV106.jpg,2
NV107.jpg,2
NV108.jpg,2
NV109.jpg,2
NV110.jpg,2
NV111.jpg,2
NV112.jpg,2
NV113.jpg,2
NV114.jpg,2
NV115.jpg,2
NV116.jpg,2
NV117.jpg,2
NV118.jpg,2
NV119.jpg,2
NV120.jpg,2
NV121.jpg,2
NV122.jpg,2
NV123.png,2
NV124.jpg,2
NV125.png,2
NV126.jpg,2
NV127.jpg,2
NV128.jpg,2
NV129.jpg,2
NV130.jpg,2
NV131.jpg,2
NV132.jpg,2
NV133.jpg,2
NV134.jpg,2
NV135.jpg,2
NV136.jpg,2
NV137.jpg,2
NV138.jpg,2
NV139.jpg,2
NV140.png,2
NV141.jpg,2
NV142.jpeg,2
NV143.jpg,2
NV144.jpg,2
NV145.jpg,2
NV146.jpg,2
NV147.jpg,2
NV148.jpeg,2
NV149.jpg,2
NV150.jpg,2
NV151.jpg,2
NV152.jpg,2
NV153.jpg,2
NV154.jpg,2
NV156.png,2
NV157.png,2
train_00000014.jpg,1
train_00000019.jpg,1
train_00000131.jpg,3
train_00000205.jpg,1
train_00000220.jpg,1
train_00000222.jpg,1
train_00000289.jpg,3
train_00000349.jpg,3
train_00000373.jpg,3
train_00000384.jpg,3
train_00000391.jpg,3
train_00000416.jpg,3
train_00000422.jpg,3
train_00000449.jpg,3
train_00000477.jpg,3
train_00000486.jpg,3
train_00000487.jpg,3
train_00000618.jpg,3
train_00000619.jpg,3
train_00000660.jpg,3
train_00000693.jpg,1
train_00000710.jpg,3
train_00000719.jpg,3
train_00000819.jpg,3
train_00000829.jpg,1
train_00000831.jpg,1
train_00000837.jpg,3
train_00000881.jpg,3
train_00000886.jpg,3
train_00001086.jpg,3
train_00001122.jpg,3
train_00001180.jpg,3
train_00001223.jpg,3
train_00001307.jpg,2
train_00001515.jpg,3
train_00001589.jpg,2
train_00001735.jpg,2
train_00001771.jpg,2
train_00001811.jpg,1
train_00001813.jpg,2
train_00001963.jpg,3
train_00001995.jpg,2
train_00002132.jpg,3
train_00002189.jpg,3
train_00002204.jpg,2
train_00002223.jpg,3
train_00002452.jpg,3
train_00002471.jpg,3
train_00002475.jpg,3
train_00002485.jpg,3
train_00002501.jpg,2
train_00002516.jpg,3
train_00002629.jpg,2
train_00002651.jpg,1
train_00002656.jpg,1
train_00002715.jpg,2
train_00002763.jpg,2
train_00002771.jpg,1
train_00002773.jpg,1
train_00002910.jpg,2
train_00002955.jpg,3
train_00003016.jpg,2
train_00003026.jpg,2
train_00003151.jpg,1
train_00003315.jpg,2
train_00003416.jpg,2
train_00003643.jpg,2
train_00003672.jpg,2
train_00003673.jpg,2
train_00003675.jpg,2
train_00003678.jpg,1
train_00003704.jpg,2
train_00003708.jpg,1
train_00003717.jpg,1
train_00003909.jpg,2
train_00003918.jpg,2
train_00003973.jpg,2
train_00004025.jpg,1
train_00004172.jpg,1
train_00004241.jpg,1
train_00004303.jpg,2
train_00004360.jpg,2
train_00005486.jpg,2
train_00005846.jpg,1
train_00005889.jpg,1
train_00006257.jpg,2
train_00006445.jpg,1
train_00007426.jpg,1
train_00007427.jpg,1
train_00008927.jpg,1
train_00009904.jpg,1
train_00010557.jpg,1
train_00010919.jpg,1
train_00010936.jpg,1
train_00011476.jpg,1
train_00011614.jpg,1
train_00011830.jpg,1
train_00012268.jpg,1
train_00012598.jpg,1
train_00012738.jpg,1
train_00013114.jpg,2
train_00013130.jpg,2
train_00013171.jpg,2
train_00013284.jpg,2
train_00013530.jpg,2
train_00013914.jpg,1
train_00014226.jpg,3
train_00014238.jpg,3
train_00014240.jpg,3
train_00014269.jpg,3
train_00014369.jpg,3
train_00014387.jpg,1
train_00014596.jpg,1
train_00014644.jpg,3
train_00014767.jpg,1
train_00014810.jpg,2
train_00014819.jpg,3
train_00015004.jpg,2
train_00015009.jpg,2
train_00015020.jpg,2
train_00015124.jpg,3
train_00015261.jpg,2
train_00015608.jpg,3
train_00015698.jpg,2
train_00015972.jpg,3
train_00016348.jpg,1
train_00016459.jpg,3
train_00016520.jpg,2
train_00016757.jpg,2
train_00016862.jpg,2
train_00017059.jpg,2
train_00017128.jpg,1
train_00017228.jpg,3
train_00017470.jpg,1
train_00017515.jpg,2
train_00017546.jpg,1
train_00017645.jpg,1
train_00017732.jpg,2
train_00017749.jpg,1
train_00017751.jpg,2
train_00017821.jpg,1
train_00017856.jpg,1
train_00017869.jpg,2
train_00017978.jpg,1
train_00018165.jpg,1
train_00018215.jpg,3
train_00018229.jpg,3
train_00018416.jpg,3
train_00018486.jpg,2
train_00019107.jpg,1
train_00019273.jpg,3
train_00019308.jpg,3
train_00019325.jpg,2
train_00019388.jpg,3
train_00019527.jpg,3
train_00020089.jpg,2
train_00020214.jpg,2
train_00020258.jpg,3
train_00020517.jpg,3
train_00020629.jpg,2
train_00021888.jpg,2
train_00021940.jpg,2
train_00022115.jpg,1
train_00022350.jpg,2
train_00023298.jpg,3
train_00023586.jpg,3
train_00023606.jpg,2
train_00023621.jpg,2
train_00023646.jpg,1
train_00023659.jpg,2
train_00023701.jpg,2
train_00023756.jpg,1
train_00023763.jpg,3
train_00023765.jpg,3
train_00023846.jpg,3
train_00023869.jpg,1
train_00023886.jpg,1
train_00023914.jpg,2
train_00023945.jpg,2
train_00023947.jpg,1
train_00023949.jpg,1
train_00023968.jpg,2
train_00024218.jpg,1
train_00024221.jpg,3
train_00024245.jpg,3
train_00024247.jpg,3
train_00024251.jpg,2
train_00024365.jpg,2
train_00024860.jpg,3
train_00025152.jpg,2
train_00025208.jpg,1
train_00025415.jpg,3
train_00025494.jpg,1
train_00025645.jpg,3
train_00025715.jpg,2
with_mask235.jpg,1
with_mask237.jpg,1
with_mask316.jpg,1
with_mask352.jpg,1
with_mask382.jpg,1
yell1.jpg,1
